id,title,description,link,image_link,price,availability,condition,google_product_category,brand
yonbmp,The Intentional Business Build,"The three business workbooks together, in the order a business actually gets built: name it, stand it up, then make it run without you.",https://theintentionaltea.com/shop/the-intentional-business-build.html,https://theintentionaltea.com/images/Business_Bundle.png,65.00 USD,in stock,new,Software > Digital Goods & Currency > Document Templates,The Intentional Tea
ikpnn,The Intentional Reset Bundle,The Intentional Astrology Report tells you who you are at the energetic and structural level. The Life Reset gives you the framework to do something with that understanding.,https://theintentionaltea.com/shop/the-intentional-reset-bundle.html,https://theintentionaltea.com/images/Life_Reset_Astrology_Bundle.png,125.00 USD,in stock,new,Software > Digital Goods & Currency > Document Templates,The Intentional Tea
adpnw,The Intentional Collection,"Everything you need to know yourself, understand how you're designed to operate, and build the systems to live from that understanding — in one collection.",https://theintentionaltea.com/shop/the-intentional-collection.html,https://theintentionaltea.com/images/Full_Bundle.png,145.00 USD,in stock,new,Software > Digital Goods & Currency > Document Templates,The Intentional Tea
ftobds,Idea to Income,"You can talk about your business for five minutes and still not land on one sentence for what you sell. Every explanation comes out slightly different. This brand workbook fixes the sentence, and everything downstream of it.",https://theintentionaltea.com/shop/idea-to-income.html,https://theintentionaltea.com/images/Business_Clarity.png,30.00 USD,in stock,new,Software > Digital Goods & Currency > Document Templates,The Intentional Tea
ojxxr,Open For Business,"Your offer is settled and you can describe it in a sentence. What's missing is everything between someone hearing about you and someone paying you. This business build workbook builds that path, with the pricing math, the legal checklist, and the launch plan attached.",https://theintentionaltea.com/shop/open-for-business.html,https://theintentionaltea.com/images/Business_Build.png,30.00 USD,in stock,new,Software > Digital Goods & Currency > Document Templates,The Intentional Tea
drcbjz,Built to Run,"The business is working. Clients come in, revenue is there, and every process runs through you, from memory, in real time. That's a ceiling, and you can see it from here. This operations workbook gets the business off your memory and onto documented systems.",https://theintentionaltea.com/shop/built-to-run.html,https://theintentionaltea.com/images/Business_Operations.png,30.00 USD,in stock,new,Software > Digital Goods & Currency > Document Templates,The Intentional Tea
fjkybc,Calendar + Life Planner,"The problem with most digital planners is that they're either a beautiful shell with no real structure, or they're so packed with features that you spend more time navigating them than you do using them. This one sits in the middle: eighty-plus fully hyperlinked pages that cover everything from your yearly overview down to your daily plan, with extra templates for the parts of your life that don't fit neatly into a productivity layout.",https://theintentionaltea.com/shop/calendar-life-planner.html,https://theintentionaltea.com/images/Calendar_Planner.png,25.00 USD,in stock,new,Software > Digital Goods & Currency > Document Templates,The Intentional Tea
hjjskb,Intentional Financial Planner,Most budgeting tools are designed for someone who already has their finances figured out. This one was built for the person who wants to get there — without the guilt of a tracker that makes you feel worse every time you open it.,https://theintentionaltea.com/shop/intentional-financial-planner.html,https://theintentionaltea.com/images/Financial_Planner.png,20.00 USD,in stock,new,Software > Digital Goods & Currency > Document Templates,The Intentional Tea
kqmktr,The Intentional Life Reset,"At some point, most of us end up living a version of our life that we didn't exactly choose — we inherited it from our circumstances, our conditioning, our to-do lists, our people-pleasing, and a general lack of time to stop and ask whether any of it actually fits. The Intentional Life Reset was built for the moment you're finally ready to look at that honestly.",https://theintentionaltea.com/shop/the-intentional-life-reset.html,https://theintentionaltea.com/images/Life_Reset.png,55.00 USD,in stock,new,Software > Digital Goods & Currency > Document Templates,The Intentional Tea
grjtk,The Intentional Astrology Report,"Most astrology reports do one of two things: they dump every placement into a wall of text you skim once and forget, or they speak in affirmations vague enough to apply to literally anyone. This is neither of those things.",https://theintentionaltea.com/shop/the-intentional-astrology-report.html,https://theintentionaltea.com/images/Astrology_Report.png,111.00 USD,in stock,new,Software > Digital Goods & Currency > Document Templates,The Intentional Tea
yjgmjo,Essential Planning Templates,"Twenty-six single-page planning templates covering the full range of what most planners either don't include or only partially cover. Use them as standalone pages in GoodNotes, drop them into an existing planner to fill the gaps, or build your own custom setup page by page.",https://theintentionaltea.com/shop/essential-planning-templates.html,https://theintentionaltea.com/images/Planner_Templates.png,15.00 USD,in stock,new,Software > Digital Goods & Currency > Document Templates,The Intentional Tea
mcgxqk,Business Planning Templates,"Nine templates built for the operational side of running a business — the tracking, the budgeting, the supplier relationships, and the order management that tends to live in scattered spreadsheets or nowhere at all until something falls through the cracks.",https://theintentionaltea.com/shop/business-planning-templates.html,https://theintentionaltea.com/images/Business_Planner_Templates.png,10.00 USD,in stock,new,Software > Digital Goods & Currency > Document Templates,The Intentional Tea
zsqgf,Astrology Basics Booklet,"Your birth chart is a page of symbols and angles, and every guide either explains it in a novel or not at all. This nine-page booklet does it in tables.",https://theintentionaltea.com/shop/astrology-basics-booklet.html,https://theintentionaltea.com/images/Astrology%20Basics.png,15.00 USD,in stock,new,Software > Digital Goods & Currency > Document Templates,The Intentional Tea
petpmt,The Warm Neutral Sticker Book,"Designed to pair with the Intentional Financial Planner and the Intentional Life Planner, but honestly useful in any GoodNotes setup built around a warm, neutral palette. This is the most comprehensive sticker pack in the collection — it covers everything from category labels and event markers to daily trackers, mini habit widgets, and layout stickers you can drop in wherever your planner needs more structure.",https://theintentionaltea.com/shop/the-warm-neutral-sticker-book.html,https://theintentionaltea.com/images/Neutral_Planner_Stickers.png,8.00 USD,in stock,new,Software > Digital Goods & Currency > Digital Artwork,The Intentional Tea
qmehoo,The Dark Sticker Book,"Minimal. Clean. Works with everything. The Black & White covers the same functional ground as the rest of the collection — event stickers, date numbers, trackers, planning elements — in a monochrome palette that pairs with any planner aesthetic without overpowering it.",https://theintentionaltea.com/shop/the-dark-sticker-book.html,https://theintentionaltea.com/images/Dark_Planner_Stickers.png,5.00 USD,in stock,new,Software > Digital Goods & Currency > Digital Artwork,The Intentional Tea
icurnz,The Pastel Sticker Book,"For the planner that's allowed to have some personality. Same functional categories as the rest of the collection — date numbers, event stickers, tracker widgets, planning elements — just in the full color range. Rainbow and pastel colorways that layer well together without turning your planner into a mood board.",https://theintentionaltea.com/shop/the-pastel-sticker-book.html,https://theintentionaltea.com/images/Pastel_Stickers.png,5.00 USD,in stock,new,Software > Digital Goods & Currency > Digital Artwork,The Intentional Tea